{"cameraMode":{"drawMode":0,"name":"Shaded","section":"Shading Mode"},"sceneLighting":false,"audioPlay":false,"sceneViewState":{"m_AlwaysRefresh":false,"showFog":true,"showSkybox":false,"showFlares":true,"showImageEffects":true,"showParticleSystems":true,"showVisualEffectGraphs":true,"m_FxEnabled":true},"in2DMode":false,"pivot":{"x":0.8362083435058594,"y":-4.899979617350144e-19,"z":1.7654036283493043},"rotation":{"x":0.005691826343536377,"y":-0.9884767532348633,"z":-0.03857119753956795,"w":-0.14606259763240815},"size":0.8660253882408142,"orthographic":false}