{"cameraMode":{"drawMode":0,"name":"Shaded","section":"Shading Mode"},"sceneLighting":true,"audioPlay":false,"sceneViewState":{"m_AlwaysRefresh":false,"showFog":true,"showSkybox":true,"showFlares":true,"showImageEffects":true,"showParticleSystems":true,"showVisualEffectGraphs":true,"m_FxEnabled":true},"in2DMode":false,"pivot":{"x":11.119745254516602,"y":-0.30567967891693118,"z":1.6294834613800049},"rotation":{"x":0.08721587806940079,"y":-0.11331500858068466,"z":0.009984854608774186,"w":0.9896774888038635},"size":8.731918334960938,"orthographic":false}