{"cameraMode":{"drawMode":0,"name":"Shaded","section":"Shading Mode"},"sceneLighting":true,"audioPlay":false,"sceneViewState":{"m_AlwaysRefresh":false,"showFog":true,"showSkybox":true,"showFlares":true,"showImageEffects":true,"showParticleSystems":true,"showVisualEffectGraphs":true,"m_FxEnabled":true},"in2DMode":false,"pivot":{"x":2.7493600845336916,"y":3.127864360809326,"z":-0.43204471468925478},"rotation":{"x":0.005691826343536377,"y":-0.9884767532348633,"z":-0.03857119753956795,"w":-0.14606259763240815},"size":1.0204941034317017,"orthographic":false}