{"cameraMode":{"drawMode":0,"name":"Shaded","section":"Shading Mode"},"sceneLighting":true,"audioPlay":false,"sceneViewState":{"m_AlwaysRefresh":false,"showFog":true,"showSkybox":true,"showFlares":true,"showImageEffects":true,"showParticleSystems":true,"showVisualEffectGraphs":true,"m_FxEnabled":true},"in2DMode":false,"pivot":{"x":15.031092643737793,"y":2.336172103881836,"z":-16.441394805908204},"rotation":{"x":-0.1582448035478592,"y":0.031685106456279758,"z":-0.0050682080909609798,"w":-0.9868496060371399},"size":0.5445536971092224,"orthographic":false}