{"cameraMode":{"drawMode":0,"name":"Shaded","section":"Shading Mode"},"sceneLighting":true,"audioPlay":false,"sceneViewState":{"m_AlwaysRefresh":false,"showFog":true,"showSkybox":true,"showFlares":true,"showImageEffects":true,"showParticleSystems":true,"showVisualEffectGraphs":true,"m_FxEnabled":true},"in2DMode":false,"pivot":{"x":0.8716524243354797,"y":3.6103434562683107,"z":-4.908802032470703},"rotation":{"x":-0.08955489844083786,"y":-0.08446246385574341,"z":0.007621988654136658,"w":-0.9923657774925232},"size":0.06650371849536896,"orthographic":false}