{"cameraMode":{"drawMode":0,"name":"Shaded","section":"Shading Mode"},"sceneLighting":true,"audioPlay":false,"sceneViewState":{"m_AlwaysRefresh":false,"showFog":true,"showSkybox":true,"showFlares":true,"showImageEffects":true,"showParticleSystems":true,"showVisualEffectGraphs":true,"m_FxEnabled":true},"in2DMode":false,"pivot":{"x":0.8962459564208984,"y":2.106874465942383,"z":-8.333473205566407},"rotation":{"x":-0.006401943974196911,"y":-0.7028228640556336,"z":-0.0063255783170461658,"w":0.7113078832626343},"size":12.726926803588868,"orthographic":false}