{"cameraMode":{"drawMode":0,"name":"Shaded","section":"Shading Mode"},"sceneLighting":false,"audioPlay":false,"sceneViewState":{"m_AlwaysRefresh":false,"showFog":true,"showSkybox":false,"showFlares":true,"showImageEffects":true,"showParticleSystems":true,"showVisualEffectGraphs":true,"m_FxEnabled":true},"in2DMode":false,"pivot":{"x":15.861488342285157,"y":2.9615116119384767,"z":-12.257965087890625},"rotation":{"x":-0.09285734593868256,"y":0.013441097922623158,"z":0.0012472784146666527,"w":0.9955822825431824},"size":3.126890182495117,"orthographic":false}