{"cameraMode":{"drawMode":0,"name":"Shaded","section":"Shading Mode"},"sceneLighting":false,"audioPlay":false,"sceneViewState":{"m_AlwaysRefresh":false,"showFog":true,"showSkybox":false,"showFlares":true,"showImageEffects":true,"showParticleSystems":true,"showVisualEffectGraphs":true,"m_FxEnabled":true},"in2DMode":false,"pivot":{"x":15.89174747467041,"y":2.555999994277954,"z":-13.258829116821289},"rotation":{"x":0.0060004680417478088,"y":0.0020921926479786636,"z":0.00001941153095685877,"w":-0.9999725818634033},"size":1.7679027318954468,"orthographic":false}