{"cameraMode":{"drawMode":0,"name":"Shaded","section":"Shading Mode"},"sceneLighting":false,"audioPlay":false,"sceneViewState":{"m_AlwaysRefresh":false,"showFog":true,"showSkybox":false,"showFlares":true,"showImageEffects":true,"showParticleSystems":true,"showVisualEffectGraphs":true,"m_FxEnabled":true},"in2DMode":false,"pivot":{"x":15.76030445098877,"y":2.6780052185058595,"z":-12.627942085266114},"rotation":{"x":0.01949758268892765,"y":0.012589354068040848,"z":0.0002523937146179378,"w":-0.9997243285179138},"size":2.062960386276245,"orthographic":false}