{"cameraMode":{"drawMode":0,"name":"Shaded","section":"Shading Mode"},"sceneLighting":false,"audioPlay":false,"sceneViewState":{"m_AlwaysRefresh":false,"showFog":true,"showSkybox":false,"showFlares":true,"showImageEffects":true,"showParticleSystems":true,"showVisualEffectGraphs":true,"m_FxEnabled":true},"in2DMode":false,"pivot":{"x":0.9046275615692139,"y":0.11460548639297486,"z":1.8712093830108643},"rotation":{"x":0.0719563364982605,"y":-0.9279608130455017,"z":0.2523305118083954,"w":0.26462650299072268},"size":0.11422884464263916,"orthographic":false}