{"cameraMode":{"drawMode":0,"name":"Shaded","section":"Shading Mode"},"sceneLighting":false,"audioPlay":false,"sceneViewState":{"m_AlwaysRefresh":false,"showFog":true,"showSkybox":false,"showFlares":true,"showImageEffects":true,"showParticleSystems":true,"showVisualEffectGraphs":true,"m_FxEnabled":true},"in2DMode":false,"pivot":{"x":-0.2654409408569336,"y":5.960464477539063e-8,"z":0.0006594955921173096},"rotation":{"x":0.005691826343536377,"y":-0.9884767532348633,"z":-0.03857119753956795,"w":-0.14606259763240815},"size":0.6571235656738281,"orthographic":false}