{"cameraMode":{"drawMode":0,"name":"Shaded","section":"Shading Mode"},"sceneLighting":false,"audioPlay":false,"sceneViewState":{"m_AlwaysRefresh":false,"showFog":true,"showSkybox":false,"showFlares":true,"showImageEffects":true,"showParticleSystems":true,"showVisualEffectGraphs":true,"m_FxEnabled":true},"in2DMode":false,"pivot":{"x":1.1414945125579835,"y":0.9719852209091187,"z":2.4993410110473635},"rotation":{"x":0.0074010565876960758,"y":-0.9613051414489746,"z":0.02596191130578518,"w":0.27413517236709597},"size":0.6571244597434998,"orthographic":false}