{"cameraMode":{"drawMode":0,"name":"Shaded","section":"Shading Mode"},"sceneLighting":false,"audioPlay":false,"sceneViewState":{"m_AlwaysRefresh":false,"showFog":true,"showSkybox":false,"showFlares":true,"showImageEffects":true,"showParticleSystems":true,"showVisualEffectGraphs":true,"m_FxEnabled":true},"in2DMode":false,"pivot":{"x":1.8533697128295899,"y":0.669644832611084,"z":1.8843252658843995},"rotation":{"x":-0.051917802542448047,"y":-0.9226011037826538,"z":0.1337813436985016,"w":-0.3580600619316101},"size":3.2828314304351808,"orthographic":false}